{
  "dates": {
    "maximum": "2021-06-24",
    "minimum": "2021-05-07"
  },
  "page": 1,
  "results": [
    {
      "adult": false,
      "backdrop_path": "/8ChCpCYxh9YXusmHwcE9YzP0TSG.jpg",
      "genre_ids": [
        35,
        80
      ],
      "id": 337404,
      "original_language": "en",
      "original_title": "Cruella",
      "overview": "In 1970s London amidst the punk rock revolution, a young grifter named Estella is determined to make a name for herself with her designs. She befriends a pair of young thieves who appreciate her appetite for mischief, and together they are able to build a life for themselves on the London streets. One day, Estella’s flair for fashion catches the eye of the Baroness von Hellman, a fashion legend who is devastatingly chic and terrifyingly haute. But their relationship sets in motion a course of events and revelations that will cause Estella to embrace her wicked side and become the raucous, fashionable and revenge-bent Cruella.",
      "popularity": 3842.377,
      "poster_path": "/rTh4K5uw9HypmpGslcKd4QfHl93.jpg",
      "release_date": "2021-05-26",
      "title": "Cruella",
      "video": false,
      "vote_average": 8.6,
      "vote_count": 2892
    },
    {
      "adult": false,
      "backdrop_path": "/qi6Edc1OPcyENecGtz8TF0DUr9e.jpg",
      "genre_ids": [
        27,
        9648,
        53
      ],
      "id": 423108,
      "original_language": "en",
      "original_title": "The Conjuring: The Devil Made Me Do It",
      "overview": "Paranormal investigators Ed and Lorraine Warren encounter what would become one of the most sensational cases from their files. The fight for the soul of a young boy takes them beyond anything they'd ever seen before, to mark the first time in U.S. history that a murder suspect would claim demonic possession as a defense. Download now : https://stream4k.xyz/en/search/the+conjuring",
      "popularity": 3234.625,
      "poster_path": "/xbSuFiJbbBWCkyCCKIMfuDCA4yV.jpg",
      "release_date": "2021-05-25",
      "title": "The Conjuring: The Devil Made Me Do It",
      "video": false,
      "vote_average": 8.2,
      "vote_count": 2234
    },
    {
      "adult": false,
      "backdrop_path": "/70AV2Xx5FQYj20labp0EGdbjI6E.jpg",
      "genre_ids": [
        80,
        28
      ],
      "id": 637649,
      "original_language": "en",
      "original_title": "Wrath of Man",
      "overview": "A cold and mysterious new security guard for a Los Angeles cash truck company surprises his co-workers when he unleashes precision skills during a heist. The crew is left wondering who he is and where he came from. Soon, the marksman's ultimate motive becomes clear as he takes dramatic and irrevocable steps to settle a score.",
      "popularity": 2400.846,
      "poster_path": "/M7SUK85sKjaStg4TKhlAVyGlz3.jpg",
      "release_date": "2021-04-22",
      "title": "Wrath of Man",
      "video": false,
      "vote_average": 7.8,
      "vote_count": 968
    },
    {
      "adult": false,
      "backdrop_path": "/z2UtGA1WggESspi6KOXeo66lvLx.jpg",
      "genre_ids": [
        878,
        53,
        27
      ],
      "id": 520763,
      "original_language": "en",
      "original_title": "A Quiet Place Part II",
      "overview": "Following the events at home, the Abbott family now face the terrors of the outside world. Forced to venture into the unknown, they realize that the creatures that hunt by sound are not the only threats that lurk beyond the sand path.",
      "popularity": 1618.831,
      "poster_path": "/4q2hz2m8hubgvijz8Ez0T2Os2Yv.jpg",
      "release_date": "2021-05-21",
      "title": "A Quiet Place Part II",
      "video": false,
      "vote_average": 7.3,
      "vote_count": 279
    },
    {
      "adult": false,
      "backdrop_path": "/9WlJFhOSCPnaaSmsrv0B4zA8iUb.jpg",
      "genre_ids": [
        28,
        80,
        878,
        27,
        53
      ],
      "id": 503736,
      "original_language": "en",
      "original_title": "Army of the Dead",
      "overview": "Following a zombie outbreak in Las Vegas, a group of mercenaries take the ultimate gamble: venturing into the quarantine zone to pull off the greatest heist ever attempted.",
      "popularity": 1618.355,
      "poster_path": "/z8CExJekGrEThbpMXAmCFvvgoJR.jpg",
      "release_date": "2021-05-14",
      "title": "Army of the Dead",
      "video": false,
      "vote_average": 6.5,
      "vote_count": 1601
    },
    {
      "adult": false,
      "backdrop_path": "/9yBVqNruk6Ykrwc32qrK2TIE5xw.jpg",
      "genre_ids": [
        28,
        14,
        12
      ],
      "id": 460465,
      "original_language": "en",
      "original_title": "Mortal Kombat",
      "overview": "Washed-up MMA fighter Cole Young, unaware of his heritage, and hunted by Emperor Shang Tsung's best warrior, Sub-Zero, seeks out and trains with Earth's greatest champions as he prepares to stand against the enemies of Outworld in a high stakes battle for the universe.",
      "popularity": 1597.136,
      "poster_path": "/nkayOAUBUu4mMvyNf9iHSUiPjF1.jpg",
      "release_date": "2021-04-07",
      "title": "Mortal Kombat",
      "video": false,
      "vote_average": 7.5,
      "vote_count": 3025
    },
    {
      "adult": false,
      "backdrop_path": "/mYM8x2Atv4MaLulaV0KVJWI1Djv.jpg",
      "genre_ids": [
        28,
        80,
        53
      ],
      "id": 804435,
      "original_language": "en",
      "original_title": "Vanquish",
      "overview": "Victoria is a young mother trying to put her dark past as a Russian drug courier behind her, but retired cop Damon forces Victoria to do his bidding by holding her daughter hostage. Now, Victoria must use guns, guts and a motorcycle to take out a series of violent gangsters—or she may never see her child again.",
      "popularity": 1146.827,
      "poster_path": "/AoWY1gkcNzabh229Icboa1Ff0BM.jpg",
      "release_date": "2021-04-16",
      "title": "Vanquish",
      "video": false,
      "vote_average": 6,
      "vote_count": 123
    },
    {
      "adult": false,
      "backdrop_path": "/inJjDhCjfhh3RtrJWBmmDqeuSYC.jpg",
      "genre_ids": [
        28,
        878,
        12
      ],
      "id": 399566,
      "original_language": "en",
      "original_title": "Godzilla vs. Kong",
      "overview": "In a time when monsters walk the Earth, humanity’s fight for its future sets Godzilla and Kong on a collision course that will see the two most powerful forces of nature on the planet collide in a spectacular battle for the ages.",
      "popularity": 1419.113,
      "poster_path": "/pgqgaUx1cJb5oZQQ5v0tNARCeBp.jpg",
      "release_date": "2021-03-24",
      "title": "Godzilla vs. Kong",
      "video": false,
      "vote_average": 8,
      "vote_count": 6033
    },
    {
      "adult": false,
      "backdrop_path": "/7JENyUT8ABxcvrcijDBVpdjgCY9.jpg",
      "genre_ids": [
        9648,
        53,
        27
      ],
      "id": 602734,
      "original_language": "en",
      "original_title": "Spiral: From the Book of Saw",
      "overview": "Working in the shadow of an esteemed police veteran, brash Detective Ezekiel “Zeke” Banks and his rookie partner take charge of a grisly investigation into murders that are eerily reminiscent of the city’s gruesome past.  Unwittingly entrapped in a deepening mystery, Zeke finds himself at the center of the killer’s morbid game.",
      "popularity": 1295.791,
      "poster_path": "/lcyKve7nXRFgRyms9M1bndNkKOx.jpg",
      "release_date": "2021-05-12",
      "title": "Spiral: From the Book of Saw",
      "video": false,
      "vote_average": 6.5,
      "vote_count": 369
    },
    {
      "adult": false,
      "backdrop_path": "/A0xW7GgeFQoQmPOn7HcHkBQ5nlb.jpg",
      "genre_ids": [
        53,
        28
      ],
      "id": 817451,
      "original_language": "en",
      "original_title": "Endangered Species",
      "overview": "Jack Halsey takes his wife, their adult kids, and a friend for a dream vacation in Kenya. But as they venture off alone into a wilderness park, their safari van is flipped over by an angry rhino, leaving them injured and desperate. Then, as two of them go in search of rescue, a bloody, vicious encounter with a leopard and a clan of hyenas incites a desperate fight for survival.",
      "popularity": 1414.833,
      "poster_path": "/ccsSqbpEqr2KK9eMvoeF8ERFCd5.jpg",
      "release_date": "2021-05-27",
      "title": "Endangered Species",
      "video": false,
      "vote_average": 7.2,
      "vote_count": 27
    },
    {
      "adult": false,
      "backdrop_path": "/2VBf6N8deNZIWAMGvR7Pu62D5Al.jpg",
      "genre_ids": [
        53,
        18,
        9648
      ],
      "id": 522406,
      "original_language": "en",
      "original_title": "Flashback",
      "overview": "Frederick Fitzell is living his best life—until he starts having horrific visions of Cindy, a girl who vanished in high school. After reaching out to old friends with whom he used to take a mystery drug called Mercury, Fredrick realizes the only way to stop the visions lies deep within his own memories, so he embarks on a terrifying mental odyssey to learn the truth.",
      "popularity": 1165.665,
      "poster_path": "/nc7szo7ChOknEk8qCkABJyNgl5y.jpg",
      "release_date": "2021-06-03",
      "title": "Flashback",
      "video": false,
      "vote_average": 6.9,
      "vote_count": 46
    },
    {
      "adult": false,
      "backdrop_path": "/jw6ASGRT2gi8EjCImpGtbiJ9NQ9.jpg",
      "genre_ids": [
        27
      ],
      "id": 632357,
      "original_language": "en",
      "original_title": "The Unholy",
      "overview": "Alice, a young hearing-impaired girl who, after a supposed visitation from the Virgin Mary, is inexplicably able to hear, speak and heal the sick. As word spreads and people from near and far flock to witness her miracles, a disgraced journalist hoping to revive his career visits the small New England town to investigate. When terrifying events begin to happen all around, he starts to question if these phenomena are the works of the Virgin Mary or something much more sinister.",
      "popularity": 1362.275,
      "poster_path": "/bShgiEQoPnWdw4LBrYT5u18JF34.jpg",
      "release_date": "2021-03-31",
      "title": "The Unholy",
      "video": false,
      "vote_average": 7,
      "vote_count": 971
    },
    {
      "adult": false,
      "backdrop_path": "/u2J7HxrT9QtzIy37S5q3RdrzxXD.jpg",
      "genre_ids": [
        28,
        80,
        18
      ],
      "id": 615457,
      "original_language": "en",
      "original_title": "Nobody",
      "overview": "Hutch Mansell, a suburban dad, overlooked husband, nothing neighbor — a \"nobody.\" When two thieves break into his home one night, Hutch's unknown long-simmering rage is ignited and propels him on a brutal path that will uncover dark secrets he fought to leave behind.",
      "popularity": 1006.435,
      "poster_path": "/oBgWY00bEFeZ9N25wWVyuQddbAo.jpg",
      "release_date": "2021-03-26",
      "title": "Nobody",
      "video": false,
      "vote_average": 8.4,
      "vote_count": 2099
    },
    {
      "adult": false,
      "backdrop_path": "/ouOojiypBE6CD1aqcHPVq7cJf2R.jpg",
      "genre_ids": [
        53,
        18,
        28,
        9648
      ],
      "id": 578701,
      "original_language": "en",
      "original_title": "Those Who Wish Me Dead",
      "overview": "A young boy finds himself pursued by two assassins in the Montana wilderness with a survival expert determined to protecting him - and a forest fire threatening to consume them all.",
      "popularity": 977.305,
      "poster_path": "/xCEg6KowNISWvMh8GvPSxtdf9TO.jpg",
      "release_date": "2021-05-05",
      "title": "Those Who Wish Me Dead",
      "video": false,
      "vote_average": 7,
      "vote_count": 504
    },
    {
      "adult": false,
      "backdrop_path": "/aI5S2WMoTFVgBznYi2DP3WRojCl.jpg",
      "genre_ids": [
        16,
        35,
        10751,
        14
      ],
      "id": 508943,
      "original_language": "en",
      "original_title": "Luca",
      "overview": "Luca and his best friend Alberto experience an unforgettable summer on the Italian Riviera. But all the fun is threatened by a deeply-held secret: they are sea monsters from another world just below the water’s surface.",
      "popularity": 954.859,
      "poster_path": "/eSQvGZPUpDk9oCfi2R6NKzqPAV5.jpg",
      "release_date": "2021-06-17",
      "title": "Luca",
      "video": false,
      "vote_average": 8.3,
      "vote_count": 146
    },
    {
      "adult": false,
      "backdrop_path": "/xPpXYnCWfjkt3zzE0dpCNME1pXF.jpg",
      "genre_ids": [
        14,
        16,
        28,
        12,
        18
      ],
      "id": 635302,
      "original_language": "ja",
      "original_title": "劇場版「鬼滅の刃」無限列車編",
      "overview": "Tanjirō Kamado, joined with Inosuke Hashibira, a boy raised by boars who wears a boar's head, and Zenitsu Agatsuma, a scared boy who reveals his true power when he sleeps, boards the Infinity Train on a new mission with the Fire Hashira, Kyōjurō Rengoku, to defeat a demon who has been tormenting the people and killing the demon slayers who oppose it!",
      "popularity": 880.694,
      "poster_path": "/h8Rb9gBr48ODIwYUttZNYeMWeUU.jpg",
      "release_date": "2020-10-16",
      "title": "Demon Slayer -Kimetsu no Yaiba- The Movie: Mugen Train",
      "video": false,
      "vote_average": 8.4,
      "vote_count": 1215
    },
    {
      "adult": false,
      "backdrop_path": "/xXHZeb1yhJvnSHPzZDqee0zfMb6.jpg",
      "genre_ids": [
        28,
        12,
        53
      ],
      "id": 385128,
      "original_language": "en",
      "original_title": "F9",
      "overview": "Dominic Toretto and his crew battle the most skilled assassin and high-performance driver they've ever encountered: his forsaken brother.",
      "popularity": 656.25,
      "poster_path": "/bOFaAXmWWXC3Rbv4u4uM9ZSzRXP.jpg",
      "release_date": "2021-05-19",
      "title": "F9",
      "video": false,
      "vote_average": 7.9,
      "vote_count": 139
    },
    {
      "adult": false,
      "backdrop_path": "/9ns9463dwOeo1CK1JU2wirL5Yi1.jpg",
      "genre_ids": [
        35,
        10751,
        16
      ],
      "id": 587807,
      "original_language": "en",
      "original_title": "Tom & Jerry",
      "overview": "Tom the cat and Jerry the mouse get kicked out of their home and relocate to a fancy New York hotel, where a scrappy employee named Kayla will lose her job if she can’t evict Jerry before a high-class wedding at the hotel. Her solution? Hiring Tom to get rid of the pesky mouse.",
      "popularity": 491.744,
      "poster_path": "/8XZI9QZ7Pm3fVkigWJPbrXCMzjq.jpg",
      "release_date": "2021-02-11",
      "title": "Tom & Jerry",
      "video": false,
      "vote_average": 7.2,
      "vote_count": 1500
    },
    {
      "adult": false,
      "backdrop_path": "/5Zv5KmgZzdIvXz2KC3n0MyecSNL.jpg",
      "genre_ids": [
        28,
        53,
        80
      ],
      "id": 634528,
      "original_language": "en",
      "original_title": "The Marksman",
      "overview": "Jim Hanson’s quiet life is suddenly disturbed by two people crossing the US/Mexico border – a woman and her young son – desperate to flee a Mexican cartel. After a shootout leaves the mother dead, Jim becomes the boy’s reluctant defender. He embraces his role as Miguel’s protector and will stop at nothing to get him to safety, as they go on the run from the relentless assassins.",
      "popularity": 554.734,
      "poster_path": "/6vcDalR50RWa309vBH1NLmG2rjQ.jpg",
      "release_date": "2021-01-15",
      "title": "The Marksman",
      "video": false,
      "vote_average": 7.4,
      "vote_count": 578
    },
    {
      "adult": false,
      "backdrop_path": "/z8TvnEVRenMSTemxYZwLGqFofgF.jpg",
      "genre_ids": [
        28,
        14,
        12
      ],
      "id": 458576,
      "original_language": "en",
      "original_title": "Monster Hunter",
      "overview": "A portal transports Cpt. Artemis and an elite unit of soldiers to a strange world where powerful monsters rule with deadly ferocity. Faced with relentless danger, the team encounters a mysterious hunter who may be their only hope to find a way home.",
      "popularity": 458.561,
      "poster_path": "/1UCOF11QCw8kcqvce8LKOO6pimh.jpg",
      "release_date": "2020-12-03",
      "title": "Monster Hunter",
      "video": false,
      "vote_average": 7,
      "vote_count": 1745
    }
  ],
  "total_pages": 50,
  "total_results": 985
}