{
  "page": 1,
  "results": [
    {
      "backdrop_path": "/6LfVuZBiOOCtqch5Ukspjb9y0EB.jpg",
      "first_air_date": "2013-12-02",
      "genre_ids": [
        16,
        35,
        10765,
        10759
      ],
      "id": 60625,
      "name": "Rick and Morty",
      "origin_country": [
        "US"
      ],
      "original_language": "en",
      "original_name": "Rick and Morty",
      "overview": "Rick is a mentally-unbalanced but scientifically-gifted old man who has recently reconnected with his family. He spends most of his time involving his young grandson Morty in dangerous, outlandish adventures throughout space and alternate universes. Compounded with Morty's already unstable family life, these events cause Morty much distress at home and school.",
      "popularity": 418.537,
      "poster_path": "/8kOWDBK6XlPUzckuHDo3wwVRFwt.jpg",
      "vote_average": 8.7,
      "vote_count": 4395
    },
    {
      "backdrop_path": "/4LTWJ7WNiSk5SUWhRkHT279026o.jpg",
      "first_air_date": "2016-01-21",
      "genre_ids": [
        10759,
        18,
        10765
      ],
      "id": 62643,
      "name": "DC's Legends of Tomorrow",
      "origin_country": [
        "US"
      ],
      "original_language": "en",
      "original_name": "DC's Legends of Tomorrow",
      "overview": "When heroes alone are not enough ... the world needs legends. Having seen the future, one he will desperately try to prevent from happening, time-traveling rogue Rip Hunter is tasked with assembling a disparate group of both heroes and villains to confront an unstoppable threat — one in which not only is the planet at stake, but all of time itself. Can this ragtag team defeat an immortal threat unlike anything they have ever known?",
      "popularity": 328.024,
      "poster_path": "/uzQpQGISbtxc047IOssFo5AiDwU.jpg",
      "vote_average": 7.2,
      "vote_count": 1622
    },
    {
      "backdrop_path": "/wjw3wrmkjjApu83Y4SxmQ5gP2mZ.jpg",
      "first_air_date": "2021-04-11",
      "genre_ids": [
        18,
        16,
        10759
      ],
      "id": 105009,
      "name": "Tokyo Revengers",
      "origin_country": [
        "JP"
      ],
      "original_language": "ja",
      "original_name": "東京リベンジャーズ",
      "overview": "Takemichi Hanagaki is a freelancer that’s reached the absolute pits of despair in his life. He finds out that the only girlfriend he ever had, in middle school, Hinata Tachibana, had been killed by the ruthless Tokyo Manji Gang. The day after hearing about her death, he’s standing on the station platform and ends up being pushed over onto the tracks by a herd of people. He closes his eyes thinking he’s about to die, but when he opens his eyes back up, he somehow had gone back in time 12 years. Now that he’s back living the best days of his life, Takemichi decides to get revenge on his life.",
      "popularity": 269.839,
      "poster_path": "/qSEKyf0fWhrCEQ3LTwLqe41eSvR.jpg",
      "vote_average": 8,
      "vote_count": 14
    },
    {
      "backdrop_path": "/8vNQ3i2Xa3mrCKn6eq2ce5hhegT.jpg",
      "first_air_date": "2019-10-06",
      "genre_ids": [
        10765,
        10759,
        9648,
        80
      ],
      "id": 89247,
      "name": "Batwoman",
      "origin_country": [
        "US"
      ],
      "original_language": "en",
      "original_name": "Batwoman",
      "overview": "Kate Kane, armed with a passion for social justice and a flair for speaking her mind, soars onto the streets of Gotham as Batwoman, an out lesbian and highly trained street fighter primed to snuff out the failing city's criminal resurgence. But don't call her a hero yet. In a city desperate for a savior, Kate must overcome her own demons before embracing the call to be Gotham's symbol of hope",
      "popularity": 252.872,
      "poster_path": "/xjyEpcuDbB1jy0ehNQMBiO8KOdr.jpg",
      "vote_average": 7.3,
      "vote_count": 1094
    },
    {
      "backdrop_path": "/xlKKD1TXJvh0YYlVPqqQ3g3ZUjM.jpg",
      "first_air_date": "2018-07-01",
      "genre_ids": [
        16,
        10759,
        10765
      ],
      "id": 80020,
      "name": "Super Dragon Ball Heroes",
      "origin_country": [
        "JP"
      ],
      "original_language": "ja",
      "original_name": "スーパードラゴンボールヒーローズ",
      "overview": "Trunks returns from the future to train with Goku and Vegeta. However, it disappears without warning. Then the mysterious Fu bursts in, telling them that Trunks has been imprisoned in the Prison Planet, a mysterious complex in an unknown place in the universes. The group seeks the dragon balls to free Trunks, but an endless battle awaits them! Will Goku and the others rescue Trunks and escape the Prison Planet?",
      "popularity": 210.987,
      "poster_path": "/jYeTfpxS3IzgqKkYCjmdCKwq8PW.jpg",
      "vote_average": 7.5,
      "vote_count": 1988
    },
    {
      "backdrop_path": "/fPEozMHi64rDQUMJFtojBcCvbrm.jpg",
      "first_air_date": "2021-04-11",
      "genre_ids": [
        16,
        35,
        10759,
        10765
      ],
      "id": 104711,
      "name": "Edens Zero",
      "origin_country": [
        "JP"
      ],
      "original_language": "ja",
      "original_name": "エデンズゼロ",
      "overview": "At Granbell Kingdom, an abandoned amusement park, Shiki has lived his entire life among machines. But one day, Rebecca and her cat companion Happy appear at the park’s front gates. Little do these newcomers know that this is the first human contact Granbell has had in a hundred years!\n\nAs Shiki stumbles his way into making new friends, his former neighbors stir at an opportunity for a robo-rebellion… And when his old homeland becomes too dangerous, Shiki must join Rebecca and Happy on their spaceship and escape into the boundless cosmos.",
      "popularity": 132.49,
      "poster_path": "/zwj3sFZksoFsKqYPMmqGB95H3XJ.jpg",
      "vote_average": 8,
      "vote_count": 3
    },
    {
      "backdrop_path": "/uxmxWA4mmxeAWG8NNiUpGC7W462.jpg",
      "first_air_date": "2021-04-11",
      "genre_ids": [
        16,
        35
      ],
      "id": 105556,
      "name": "Don't Toy With Me, Miss Nagatoro",
      "origin_country": [
        "JP"
      ],
      "original_language": "ja",
      "original_name": "イジらないで、長瀞さん",
      "overview": "\"A girl in a lower grade just made me cry!\" One day, Senpai visits the library after school and becomes the target of a super sadistic junior! The name of the girl who teases, torments, and tantalizes Senpai is \"Nagatoro!\" She's annoying yet adorable. It's painful, but you still want to be by her side. This is a story about an extremely sadistic and temperamental girl and you'll feel something awaken inside of you.",
      "popularity": 122.97,
      "poster_path": "/dHSRVAi83iapl4yazkPiyv3atQZ.jpg",
      "vote_average": 7.4,
      "vote_count": 9
    },
    {
      "backdrop_path": "/q79U95wgkocoECitZPfRDhZXBNz.jpg",
      "first_air_date": "2007-10-14",
      "genre_ids": [
        10764
      ],
      "id": 14814,
      "name": "Keeping Up with the Kardashians",
      "origin_country": [
        "US"
      ],
      "original_language": "en",
      "original_name": "Keeping Up with the Kardashians",
      "overview": "A peek inside the exploits and privileged private lives of the blended Kardashian-Jenner family, including sisters Kim, Kourtney and Khloé.",
      "popularity": 105.977,
      "poster_path": "/nddXOC8wYpIDv7giLzjjqIg8WDA.jpg",
      "vote_average": 5.2,
      "vote_count": 260
    },
    {
      "backdrop_path": "/3ILMlmC30QUnYkY3XEBOyJ82Dqu.jpg",
      "first_air_date": "2016-04-03",
      "genre_ids": [
        10765,
        10759,
        35,
        16
      ],
      "id": 65930,
      "name": "My Hero Academia",
      "origin_country": [
        "JP"
      ],
      "original_language": "ja",
      "original_name": "僕のヒーローアカデミア",
      "overview": "In a world where eighty percent of the population has some kind of super-powered Quirk, Izuku was unlucky enough to be born completely normal. But that won't stop him from enrolling in a prestigious hero academy. Now, he'll get his first taste of brutal rivalry from other schools as he braves the cutthroat, no-holds-barred provisional license exam.",
      "popularity": 102.613,
      "poster_path": "/phuYuzqWW9ru8EA3HVjE9W2Rr3M.jpg",
      "vote_average": 8.9,
      "vote_count": 2974
    },
    {
      "backdrop_path": "/lEWtzTBC6Ks5fdc4RgHRUZxts2w.jpg",
      "first_air_date": "2013-04-23",
      "genre_ids": [
        35,
        10759,
        16,
        10762
      ],
      "id": 45140,
      "name": "Teen Titans Go!",
      "origin_country": [
        "US"
      ],
      "original_language": "en",
      "original_name": "Teen Titans Go!",
      "overview": "Robin, Starfire, Raven, Beast Boy and Cyborg return in all-new, comedic adventures. They may be super heroes who save the world every day ... but somebody still has to do the laundry!",
      "popularity": 90.371,
      "poster_path": "/udaLIJ6Na7GOHjvTlyP9JFPTccv.jpg",
      "vote_average": 6.7,
      "vote_count": 328
    },
    {
      "backdrop_path": "/en2X3XWGiUwZFe9pH9r06Si3Nbh.jpg",
      "first_air_date": "2020-10-11",
      "genre_ids": [
        16,
        9648
      ],
      "id": 100281,
      "name": "Moriarty the Patriot",
      "origin_country": [
        "JP"
      ],
      "original_language": "ja",
      "original_name": "憂国のモリアーティ",
      "overview": "In the late 19th century, the British Empire nobility reigns while its working class suffers at their hands. Sympathetic to their plight, William James Moriarty wants to topple it all. Frustrated by the systemic inequity, Moriarty strategizes to fix the entire nation. Not even consulting detective Sherlock Holmes can stand in his way. It’s time for crime to revolutionize the world!",
      "popularity": 88.417,
      "poster_path": "/lLcmshfrLg7JUMwMCnp5fuNqtoQ.jpg",
      "vote_average": 6.8,
      "vote_count": 8
    },
    {
      "backdrop_path": "/jWXrQstj7p3Wl5MfYWY6IHqRpDb.jpg",
      "first_air_date": "1952-12-26",
      "genre_ids": [
        10763
      ],
      "id": 94722,
      "name": "Tagesschau",
      "origin_country": [
        "DE"
      ],
      "original_language": "de",
      "original_name": "Tagesschau",
      "overview": "German daily news program, the oldest still existing program on German television.",
      "popularity": 87.467,
      "poster_path": "/7dFZJ2ZJJdcmkp05B9NWlqTJ5tq.jpg",
      "vote_average": 6.6,
      "vote_count": 7
    },
    {
      "backdrop_path": "/rHuXgDmrv4vMKgQZ6pu2E2iLJnM.jpg",
      "first_air_date": "2010-07-11",
      "genre_ids": [
        35,
        10764
      ],
      "id": 33238,
      "name": "Running Man",
      "origin_country": [
        "KR"
      ],
      "original_language": "ko",
      "original_name": "런닝맨",
      "overview": "These days, variety entertainment is gradually disappearing. It is one of Korea's representative variety entertainment shows that has been in charge of Sunday evenings for over 10 years. In this program, many stars and members play games and missions together. It is characterized by going around several places. In particular, this program focuses solely on laughter among the many fun elements of entertainment.\n\nOpen your eyes! Big fun enters!\n\nOpen your mouth!  A big smile enters!\n\nOpen your mind! Instructive lesson enters!",
      "popularity": 85.454,
      "poster_path": "/2Wmmu1MkqxJ48J7aySET9EKEjXz.jpg",
      "vote_average": 8.4,
      "vote_count": 106
    },
    {
      "backdrop_path": "/knIHqqoNsDZn2tZrDM3iw3xH9oe.jpg",
      "first_air_date": "2021-04-04",
      "genre_ids": [
        16,
        35,
        10759,
        10765
      ],
      "id": 100567,
      "name": "Combatants Will Be Dispatched!",
      "origin_country": [
        "JP"
      ],
      "original_language": "ja",
      "original_name": "戦闘員、派遣します！",
      "overview": "Turns out, evil takes initiative! With world domination close at hand, the Kisaragi Corporation turns its sights on interstellar conquest, and who better to take over a magical world than two randomly assigned minions—Combatant Agent Six and his android partner Alice? But Six’s path up the evil corporate ladder won’t be easy—a Demon Lord’s army is hatching its own nefarious plan!",
      "popularity": 83.505,
      "poster_path": "/tk0LqlgKzc79nWtTmgGz41yu6p3.jpg",
      "vote_average": 7.8,
      "vote_count": 4
    },
    {
      "backdrop_path": "/hAX7Rz0vJOwGtGoAIcf9HZsXmcP.jpg",
      "first_air_date": "2008-01-28",
      "genre_ids": [
        18
      ],
      "id": 14069,
      "name": "In Treatment",
      "origin_country": [
        "US"
      ],
      "original_language": "en",
      "original_name": "In Treatment",
      "overview": "Set within the highly charged confines of individual psychotherapy sessions and centering around Dr. Paul Weston, a psychotherapist who exhibits an insightful, reserved demeanor while treating his patients—but displays a crippling insecurity while counseled by his own therapist.",
      "popularity": 80.992,
      "poster_path": "/h154oebDAD9sCTlRjvl4Yp9ws9j.jpg",
      "vote_average": 8.1,
      "vote_count": 95
    },
    {
      "backdrop_path": null,
      "first_air_date": "1971-04-03",
      "genre_ids": [
        10759,
        10765,
        10762
      ],
      "id": 2661,
      "name": "Kamen Rider",
      "origin_country": [
        "JP"
      ],
      "original_language": "ja",
      "original_name": "仮面ライダ",
      "overview": "A Japanese anthology series centered around a man who transforms into a bug-themed superhero.",
      "popularity": 80.345,
      "poster_path": "/o57T19zgZakEpre3d9ddy1UZonp.jpg",
      "vote_average": 5.4,
      "vote_count": 53
    },
    {
      "backdrop_path": "/8nzvbgGM1bDqK3fscy86LyOnDcf.jpg",
      "first_air_date": "1996-01-08",
      "genre_ids": [
        16,
        35,
        9648
      ],
      "id": 30983,
      "name": "Case Closed",
      "origin_country": [
        "JP"
      ],
      "original_language": "ja",
      "original_name": "名探偵コナン",
      "overview": "The son of a world famous mystery writer, Jimmy Kudo, has achieved his own notoriety by assisting the local police as a student detective. He has always been able to solve the most difficult of criminal cases using his wits and power of reason.",
      "popularity": 76.833,
      "poster_path": "/9ve6LW4ltMMpp9WjoR4MGViOp9V.jpg",
      "vote_average": 7.8,
      "vote_count": 447
    },
    {
      "backdrop_path": "/odItfoVoACL99EmWmqmWxBCrpXg.jpg",
      "first_air_date": "2015-12-05",
      "genre_ids": [
        10764,
        35
      ],
      "id": 70672,
      "name": "Men on a Mission",
      "origin_country": [
        "KR"
      ],
      "original_language": "ko",
      "original_name": "아는 형님",
      "overview": "Male celebs play make-believe as high schoolers, welcoming star transfer students every week and engaging in battles of witty humor and slapstick.",
      "popularity": 75.575,
      "poster_path": "/a1rnHdqAvEm5NUWJ2SRzBY4Hkt5.jpg",
      "vote_average": 8,
      "vote_count": 18
    },
    {
      "backdrop_path": "/lSlL2CAPSDJ9gf2MZX0x2u2inKX.jpg",
      "first_air_date": "2021-04-11",
      "genre_ids": [
        16,
        18,
        10759,
        10765
      ],
      "id": 100565,
      "name": "86: Eighty Six",
      "origin_country": [
        "JP"
      ],
      "original_language": "ja",
      "original_name": "８６―エイティシックス―",
      "overview": "Called “Juggernaut,” these are the unmanned combat drones developed by the Republic of San Magnolia in answer to the attacks by the autonomous unmanned drones of the neighboring Empire of Giad, the “Legion”. But they’re only unmanned in name. In reality, they are piloted by the Eighty-sixers—those considered to be less than human and treated as mere tools. Determined to achieve his own mysterious ends, Shin, the captain of Spearhead Squadron, which is comprised of Eighty-sixers, continues to fight a hopeless war on a battlefield where only death awaits him.",
      "popularity": 75.461,
      "poster_path": "/96mUvRlJBYOMBdbn30wtoh7QrpY.jpg",
      "vote_average": 7.7,
      "vote_count": 7
    },
    {
      "backdrop_path": "/fOlKY2rpDnoxcWU6a0Z4dpRA61d.jpg",
      "first_air_date": "2021-04-03",
      "genre_ids": [
        16,
        18,
        10765
      ],
      "id": 116725,
      "name": "Vivy -Fluorite Eye's Song-",
      "origin_country": [
        "JP"
      ],
      "original_language": "ja",
      "original_name": "Vivy -Fluorite Eye's Song-",
      "overview": "In the near future, Vivy, a diva-type A.I., went up on stage each day with hopes of putting her heart into her song. One day, the A.I. Matsumoto, who claims to have arrived from 100 years in the future, appears before Vivy with an important request...",
      "popularity": 73.418,
      "poster_path": "/xRakd62ihUP19NBgWyJzjO26NxE.jpg",
      "vote_average": 8.8,
      "vote_count": 5
    }
  ],
  "total_pages": 11,
  "total_results": 215
}